PayByPalm 30-Day Master Tracker,,,,,,,,,,,,,,,,Task purpose & user impact,,
"September 1–30, 2026 • 73 task-specific user stories in E; purpose, beneficiaries and journey impact in Q:S. Open Task Stories for a compact reading view. Existing dates, owners, statuses and acceptance criteria are unchanged.",,,,,,,,,,,,,,,,Read alongside the story in column E. These are intended outcomes; status and acceptance evidence still determine completion.,,
,,,,,,,,,,,,,,,,,,
ID,Phase,Workstream,Task,Storyline / user story,Owner,Start,Due,Dependency,Priority,Status,% Complete,Acceptance criteria,Evidence / link,Blocker / notes,Schedule flag,Purpose / what this task is for,Who benefits,How it relates to users / journey impact
PB-001,1 Foundation,Product,Freeze one-month MVP and demo journey,"As a first-time customer, I want one complete journey from joining PayByPalm to paying a merchant, so that the prototype demonstrates a usable service rather than disconnected screens.",Product Lead,Sep 1,Sep 1,—,Critical,In Progress,10%,"Written scope covers enrollment, palm payment, terminal binding, merchant portal and settlement reconciliation.",,,OVERDUE,Agree the month’s minimum scope and one enrollment-to-settlement demonstration.,Customer; merchant; delivery team,"Journey: end to end. The team prioritizes account, consent, card linking, palm payment and merchant records; optional features cannot displace the core journey."
PB-002,1 Foundation,Architecture,Approve end-to-end architecture and trust boundaries,"As a customer linking my card and palm, I want each service to handle only the information it needs, so that using the terminal does not expose my payment credentials.",Backend,Sep 1,Sep 2,PB-001,Critical,Not Started,0%,"Diagram identifies PWA, terminal, backend, PalmAI, processor, database and webhook boundaries.",,,,"Define responsibilities and trust boundaries across PWA, terminal, backend, PalmAI and processor.",Customer; merchant; engineers,"Journey: enrollment and payment. Card entry stays with the processor, matching happens through the backend, and the merchant receives a verified result rather than sensitive data."
PB-003,1 Foundation,Backend,"Define users, palms, cards, merchants, terminals, transactions and settlements schema","As a customer, I want my palm, saved card and receipts to belong to my account, while each sale belongs to the right merchant.",Backend,Sep 1,Sep 3,PB-002,Critical,Not Started,0%,"Schema contains immutable IDs, relationships, audit timestamps and no raw PAN fields.",,,,"Create stable IDs and relationships for users, palm subjects, authorization references, terminals, merchants, transactions and settlements.",Customer; merchant; support team,Journey: identity to receipt. A palm lookup finds the correct user and active card reference; transaction and settlement records retain their correct owners without storing raw card numbers.
PB-004,1 Foundation,Payments,"Create Paystack test account, keys and webhook configuration","As a test participant, I want to rehearse card linking and payment without spending real money or exposing secret keys on a public screen.",Payments,Sep 1,Sep 2,PB-001,Critical,Not Started,0%,Server can authenticate in test mode; secret key is stored only as a backend secret.,,,,"Configure the processor’s test environment, backend secrets and webhook destination.",Test customer; test merchant; engineers,Journey: safe payment rehearsal. Enrollment and payment can be demonstrated with test cards; the terminal and PWA never receive the processor secret key.
PB-005,1 Foundation,Biometrics,"Confirm PalmAI token, endpoint payloads, limits and non-commercial restriction","As a test customer, I want my enrolled palm to be recognizable when I return, and I want the team to be clear that this is a non-commercial prototype.",Backend,Sep 1,Sep 2,PB-001,Critical,Not Started,0%,Registration and 1:N calls succeed from a backend test client; licence restriction logged.,,,,"Validate PalmAI registration and identification requests, credentials, limits and Community Edition restrictions.",Test customer; engineers; project owner,"Journey: enroll, then identify. The backend can register a palm and look it up later; the prototype is not presented as approved for commercial use."
PB-006,1 Foundation,Security/Compliance,"Define biometric consent, retention and deletion boundaries","As a customer, I want to know why my palm is collected, how long information is kept and how to withdraw before deciding whether to enroll.",Security/Compliance,Sep 1,Sep 3,PB-002,Critical,Not Started,0%,"Policy states what is collected, why, retention duration, deletion path and user rights.",,,,"Define biometric consent, retention and deletion rules before implementing capture.",Customer; privacy reviewer,Journey: before enrollment. The consent screens and deletion controls follow a defined policy rather than making promises the system cannot fulfill.
PB-007,1 Foundation,Terminal/Hardware,"Audit current Pi, display, power, camera, lighting and network components","As a merchant, I want a terminal that powers on, connects and captures a hand reliably, without discovering missing parts during a demonstration.",Hardware/CAD,Sep 1,Sep 2,—,High,Not Started,0%,"Inventory lists available, missing and incompatible components.",,,,"Inventory the Pi, display, power supply, camera, lighting, cables and connectivity; identify gaps.",Merchant; terminal operator; customer,"Journey: terminal readiness. Missing or incompatible components are found early, reducing avoidable downtime when someone tries to enroll or pay."
PB-008,1 Foundation,Terminal/Hardware,Order Camera Module 3 Wide and required ribbon cable,"As a customer, I want the camera to see my whole palm at a comfortable height instead of forcing me to lift my hand unusually high.",Hardware/CAD,Sep 1,Sep 2,PB-007,Critical,Not Started,0%,Correct RGB Wide module and Pi-compatible cable are ordered with delivery date confirmed.,,,,Obtain the planned wide camera and compatible ribbon cable so its capture geometry can be tested.,Customer; hardware builder,"Journey: approach the scanner. A wider view becomes available for testing; a comfortable distance is confirmed by measurements, not assumed from the lens specification."
PB-009,1 Foundation,Engineering,"Create repositories, environments and issue workflow","As a developer maintaining the prototype, I want reproducible setup and tracked issues so that fixing one screen does not leave another team member unable to run the system.",Product Lead,Sep 1,Sep 2,PB-001,High,Not Started,0%,"Frontend, backend and terminal projects run locally with documented setup.",,,,"Set up repositories, environments, setup instructions and issue ownership.",Engineers directly; customers and merchants indirectly,Journey: reliable delivery. The team can reproduce and fix enrollment or checkout problems; users benefit from consistent builds rather than seeing this internal tooling.
PB-010,1 Foundation,Architecture,Write API contracts and canonical transaction state machine,"As a customer and merchant waiting on a payment, we want the terminal and portal to agree on whether it is processing, failed or confirmed.",Backend,Sep 2,Sep 3,"PB-002, PB-003",Critical,Not Started,0%,"States cover initiated, identifying, authorized, failed, reversed, pending settlement and settled.",,,,"Define shared API requests, responses and transaction-state transitions.",Customer; merchant; engineers,Journey: payment status. A delayed response remains pending until resolved; a declined payment cannot appear successful simply because another screen used a different status definition.
PB-011,2 Recognition & UX,Biometrics,Connect Camera Module 3 Wide and validate autofocus,"As a customer placing my hand above the reader, I want a sharp image without repeatedly searching for the tiny distance at which the old camera focuses.",Hardware/CAD,Sep 3,Sep 4,PB-008,Critical,Not Started,0%,Camera captures sharp palms at several controlled distances.,,,,Connect the new camera and test autofocus at several controlled distances.,Customer; terminal operator,Journey: palm capture. The team identifies where focus works before choosing the final hand position; blurred capture is addressed before recognition is judged.
PB-012,2 Recognition & UX,Biometrics,Build terminal palm preview with centred hand guide,"As a customer scanning for the first time, I want an on-screen hand guide and feedback so I know where to place my palm and when capture is complete.",Terminal,Sep 3,Sep 5,PB-011,High,Not Started,0%,"Preview shows live guide, capture countdown and quality feedback.",,,,"Build live preview, centered guide, countdown and image-quality feedback.",Customer; terminal operator,"Journey: position and capture. The customer adjusts the hand using visible instructions, while the operator spends less time coaching every attempt."
PB-013,2 Recognition & UX,Biometrics,Register five test users with PalmAI,"As a test customer, I want my first palm enrollment to create my own identity so that my next scan can be recognized as mine.",Backend,Sep 3,Sep 5,"PB-005, PB-011",Critical,Not Started,0%,Five users each have a unique palm subject reference linked to a test user.,,,,Register five distinct consenting test users and link each PalmAI subject reference to a test account.,Test customer; QA team,"Journey: initial enrollment. Each participant has an individual test identity, enabling later checks that a scan never resolves to another participant’s account."
PB-014,2 Recognition & UX,Biometrics,Run 1:N identification across five captures per user,"As a returning customer, I want recognition to work on repeated visits, not only on the exact image captured during enrollment.",QA,Sep 5,Sep 6,PB-013,Critical,Not Started,0%,"Results table records match, miss, latency, distance and lighting for 25 known captures.",,,,Measure identification results across five new captures for each of five test users.,Test customer; QA team,"Journey: repeat payment. Logged matches, misses, lighting, distance and latency reveal conditions that need improvement; this small test is not proof of production-grade accuracy."
PB-015,2 Recognition & UX,Biometrics,Test unknown palms and duplicate enrollment,"As an enrolled customer, I want an unknown hand or a duplicate registration to be handled safely instead of being attached to my payment identity.",QA,Sep 5,Sep 6,PB-013,High,Not Started,0%,Unknown palms are rejected and duplicate handling is documented.,,,,Test unknown-palm rejection and define duplicate-enrollment handling.,Customer; enrollment operator,Journey: identity boundaries. Unknown people cannot proceed through a mistaken match in the tested cases; existing users receive a clear resolution path for duplicate enrollment.
PB-016,2 Recognition & UX,Biometrics,"Freeze capture distance, lighting and crop specification","As a customer, I want the hand position that worked during enrollment to remain the same when I come back to pay.",Hardware/CAD,Sep 6,Sep 7,"PB-014, PB-015",Critical,Not Started,0%,"Capture specification states distance, palm position, lighting and minimum acceptable image.",,,,"Freeze a tested specification for capture distance, lighting, crop and minimum image quality.",Customer; hardware and terminal teams,"Journey: consistent capture. The enclosure and on-screen guide use the same measured geometry, avoiding conflicting instructions or a camera position that cannot see the palm."
PB-017,2 Recognition & UX,User PWA,"Build installable PWA shell, routing and responsive navigation","As a customer using my phone, I want to open PayByPalm easily and navigate my account without needing a separate native app.",Frontend,Sep 2,Sep 5,PB-009,High,Not Started,0%,"PWA installs, loads on mobile/desktop and provides User, Merchant and Admin routes.",,,,"Build the responsive PWA shell, installation support and role-appropriate routes.",Customer; merchant; administrator,"Journey: enter the app. Customers reach their own account tools, merchants their portal and administrators configuration screens; navigation does not replace server-side access controls."
PB-018,2 Recognition & UX,User PWA,"Build sign-up, sign-in and profile screens","As a new customer, I want to create an account, sign in later and correct permitted profile details so my palm and card can be linked to a stable identity.",Frontend,Sep 3,Sep 6,PB-017,High,Not Started,0%,"Test user can create account, sign in and edit permitted profile fields.",,,,"Implement account creation, authentication and profile screens.",Customer,"Journey: account setup. The customer has a signed-in home for enrollment, saved-card information and receipts rather than relying on an operator to edit records."
PB-019,2 Recognition & UX,User PWA,Design consent and palm-enrollment flow,"As a customer considering palm payments, I want the enrollment screens to explain the purpose and privacy choices before the camera captures my hand.",Frontend,Sep 4,Sep 7,"PB-006, PB-017",Critical,Not Started,0%,"User sees purpose, consent, retention and deletion information before capture.",,,,"Design the sequence of notice, consent, guidance, capture and confirmation screens.",Customer; enrollment operator,Journey: informed enrollment. The customer understands what will happen next and can decline before capture; privacy information is not hidden after submission.
PB-020,2 Recognition & UX,Merchant Portal,Create merchant dashboard wireframes,"As a merchant opening my dashboard, I want to find today’s sales, transactions, terminals and expected settlements without hunting through unrelated screens.",Frontend,Sep 3,Sep 6,PB-001,High,Not Started,0%,"Wireframes cover today’s sales, transactions, terminals and settlements.",,,,Map the merchant portal’s page structure and information hierarchy before building it.,Merchant; merchant staff,"Journey: daily merchant operations. The wireframes connect a completed sale to its terminal and settlement view, making the proposed workflow easy to review early."
PB-021,2 Recognition & UX,Terminal Config,Define signed terminal configuration schema,"As a merchant, I want every terminal to have an identifiable, authorized configuration so that a device cannot quietly operate for the wrong shop.",Backend,Sep 3,Sep 6,PB-003,Critical,Not Started,0%,"Schema contains terminal ID, merchant assignment, environment, config version and scoped credential reference.",,,,"Define signed, versioned configuration with terminal ID, merchant assignment, environment and scoped credential reference.",Merchant; administrator; terminal operator,"Journey: device setup. The backend can distinguish the device, its assigned shop and test environment before allowing checkout."
PB-022,2 Recognition & UX,3D/CAD,"Measure Pi, screen, camera, connectors, ventilation and hand-clearance envelope","As a customer and cashier, we want a terminal whose screen is usable and whose camera has enough hand clearance, without exposed or strained cables.",Hardware/CAD,Sep 3,Sep 7,PB-007,Critical,Not Started,0%,Dimension sheet is complete and capture geometry awaits only PB-016.,,,,"Measure components, connector access, ventilation and the hand envelope before CAD work.",Customer; terminal operator; hardware builder,Journey: physical interaction. Actual dimensions inform the screen and camera placement; final capture geometry is incorporated after testing rather than guessed.
PB-023,3 Enrollment & Binding,User PWA,Implement server-created processor checkout for first card authorization,"As a customer linking a card for the first time, I want to enter its details in the processor’s checkout rather than give PayByPalm my raw card number.",Backend,Sep 8,Sep 10,"PB-004, PB-010",Critical,Not Started,0%,Enrollment checkout is initialized server-side with test keys and unique reference.,,,,Create a uniquely referenced test checkout on the server and redirect to the processor-hosted payment flow.,Customer,Journey: link a card. Card details and any required authentication are handled by the processor; PayByPalm starts the checkout but does not collect PAN or CVV.
PB-024,3 Enrollment & Binding,Payments,Verify first payment and store reusable authorization metadata,"As a customer who has completed checkout, I want PayByPalm to confirm the result and save only a usable payment reference for future palm payments.",Backend,Sep 9,Sep 11,PB-023,Critical,Not Started,0%,"Backend verifies amount/status, stores customer email, authorization code, signature and masked metadata only when reusable=true.",,,,Verify the first transaction and persist permitted reusable authorization and masked-card metadata server-side.,Customer; payment support team,Journey: finish card linking. The saved card appears only after verification and reusable-authorization checks; a frontend success message alone is not trusted.
PB-025,3 Enrollment & Binding,Payments,Reject non-reusable authorizations and duplicate card signatures,"As a customer, I want a clear retry when my card cannot be saved and I do not want the same card listed repeatedly after retrying enrollment.",Backend,Sep 10,Sep 11,PB-024,High,Not Started,0%,User receives a safe retry path; duplicate card is not stored twice.,,,,Reject non-reusable authorizations and handle duplicate card signatures safely.,Customer; support team,Journey: recover card enrollment. The customer either gains one valid saved-card entry or receives guidance to retry; unusable references do not create a false ready-to-pay state.
PB-026,3 Enrollment & Binding,User PWA,Show masked saved card and remove-card action,"As a customer, I want to recognize my linked card by masked details and remove it when I no longer want PayByPalm to use it.",Frontend,Sep 10,Sep 12,PB-024,High,Not Started,0%,User sees brand/last4 and can revoke the saved authorization reference locally.,,,,Build the saved-card view and revoke the local authorization link when removal is requested.,Customer,"Journey: manage payment access. The customer sees brand and last digits, not full card data; a removed local reference is no longer selected for future PayByPalm charges."
PB-027,3 Enrollment & Binding,Biometrics,Link PalmAI subject reference to user and active saved-card reference,"As a customer paying with my palm, I want the scan to find my account’s chosen active card, never another person’s card or one I removed.",Backend,Sep 10,Sep 12,"PB-013, PB-024",Critical,Not Started,0%,Palm reference resolves to user; user resolves to exactly one selected active payment authorization.,,,,Implement the explicit palm subject ? user ? active saved-authorization relationship.,Customer; merchant,"Journey: identify the funding reference. Palm recognition selects an account, not money itself; the backend resolves exactly one active reference before requesting a processor charge."
PB-028,3 Enrollment & Binding,User PWA,Complete guided palm enrollment in PWA/terminal,"As a customer enrolling, I want the app and terminal to guide me from consent through capture to a clear confirmation that my palm is linked.",Frontend,Sep 10,Sep 13,"PB-019, PB-027",Critical,Not Started,0%,"User can consent, capture, register and receive enrollment confirmation.",,,,"Connect consent, camera capture, PalmAI registration and account linking into one guided flow.",Customer; enrollment operator,Journey: complete palm enrollment. The customer knows whether enrollment succeeded and what to retry; the operator no longer joins the steps through manual database edits.
PB-029,3 Enrollment & Binding,Merchant Portal,Create merchant record and processor subaccount mapping,"As a merchant, I want my PayByPalm account mapped to my approved processor destination so transactions are attributed to my business.",Backend,Sep 8,Sep 11,"PB-003, PB-004",Critical,Not Started,0%,Merchant ID maps to processor subaccount/split fields without storing bank credentials on terminal.,,,,Create merchant records and store the provider subaccount or split mapping on the backend.,Merchant; administrator,"Journey: merchant onboarding. Each merchant has a known payment destination; the terminal never needs bank credentials, and PayByPalm does not become a wallet holding merchant funds."
PB-030,3 Enrollment & Binding,Terminal Config,Implement terminal registration and one-time activation code,"As an administrator setting up a new terminal, I want a one-time activation process so only an approved device receives scoped access.",Backend,Sep 8,Sep 11,PB-021,Critical,Not Started,0%,New terminal activates once and receives a scoped credential; activation code cannot be reused.,,,,"Register devices, issue scoped credentials and consume activation codes once.",Administrator; merchant; terminal operator,Journey: commission a terminal. The operator activates an approved unit without embedding a reusable setup code that could enroll additional devices later.
PB-031,3 Enrollment & Binding,Terminal Config,Implement admin assignment of one terminal to one merchant,"As a merchant, I want a terminal assigned to my shop, with controlled reassignment if it moves, so that its sales cannot drift between businesses.",Backend,Sep 10,Sep 12,"PB-029, PB-030",Critical,Not Started,0%,Assignment is auditable and rebind revokes the previous configuration.,,,,Build audited one-terminal-to-one-merchant binding and revoke the old configuration on rebind.,Merchant; administrator,Journey: assign or move a device. A terminal moved from Merchant A to Merchant B must receive a new authorized assignment; the prior configuration stops being valid.
PB-032,3 Enrollment & Binding,Terminal Config,Implement terminal config sync and version check,"As a cashier, I want the terminal to check that it is active and correctly configured before accepting a customer’s palm.",Terminal,Sep 11,Sep 13,PB-031,Critical,Not Started,0%,"Terminal loads signed config and refuses checkout when disabled, stale or unassigned.",,,,"Sync configuration and enforce version, assignment and disabled-device checks.",Terminal operator; merchant; customer,"Journey: pre-checkout readiness. An unassigned, disabled or stale device blocks checkout with an actionable state instead of attempting a potentially misrouted payment."
PB-033,3 Enrollment & Binding,Security,"Derive merchant identity from terminal credential, not client payload","As a merchant, I want the server to decide which business my terminal belongs to, so a modified request cannot redirect my sale elsewhere.",Backend,Sep 11,Sep 13,PB-031,Critical,Not Started,0%,Changing merchant_id in terminal request cannot redirect a transaction.,,,,"Resolve merchant identity from authenticated device credentials, not a client-supplied merchant ID.",Merchant; customer,Journey: secure payment routing. Altering the merchant ID in a request does not change the backend’s authorized destination; device identity remains the source of assignment.
PB-034,3 Enrollment & Binding,Merchant Portal,Build merchant overview and terminal list,"As a merchant with terminals, I want to see which devices belong to me and whether they have checked in recently.",Frontend,Sep 11,Sep 14,"PB-020, PB-031",High,Not Started,0%,"Merchant sees assigned terminals, status, config version and last-seen timestamp.",,,,"Build the merchant overview and assigned-terminal list with status, configuration version and last-seen information.",Merchant; merchant operations staff,"Journey: prepare for trading. The merchant can spot an unavailable or misconfigured device before a customer reaches checkout, while seeing only their own terminal inventory."
PB-035,3 Enrollment & Binding,3D/CAD,Produce enclosure CAD v1 using frozen capture geometry,"As a customer at the counter, I want a stable reader that positions the camera and guide naturally while leaving the cashier a usable screen.",Hardware/CAD,Sep 8,Sep 14,"PB-016, PB-022",Critical,Not Started,0%,"CAD includes screen, camera, hand guide, lighting, ventilation, power and maintenance access.",,,,Create enclosure CAD v1 using measured components and the frozen capture specification.,Customer; terminal operator; hardware builder,"Journey: physical checkout. Screen, camera, lighting, hand space, vents and maintenance access are designed together so the case supports capture instead of obstructing it."
PB-036,3 Enrollment & Binding,QA,Run complete enrollment journey on mobile and terminal,"As a new customer, I want to finish enrollment using only the PWA and terminal, without a developer secretly completing my setup.",QA,Sep 13,Sep 14,"PB-025, PB-028, PB-032",Critical,Not Started,0%,"A new user completes account, consent, card authorization and palm registration without database edits.",,,,"Test the full account, card, consent and palm-linking journey through supported interfaces.",Customer; enrollment operator; QA team,"Journey: ready to pay. A genuinely new test user reaches a usable enrolled state with no database intervention, proving the separate onboarding components work together."
PB-037,4 Payment & Hardware,Terminal,Build amount-entry and payment-confirmation screens,"As a customer about to scan, I want to see the merchant and amount I am being asked to pay; as a cashier, I want to enter that amount clearly.",Frontend,Sep 15,Sep 16,PB-032,Critical,Not Started,0%,Merchant can enter amount and see merchant/terminal identity before capture.,,,,Build terminal amount entry and the pre-capture confirmation screen.,Customer; terminal operator; merchant,"Journey: agree the purchase. Before a ?5,000 test payment, the terminal displays ?5,000 and the assigned merchant so mistakes can be caught before identification and charge."
PB-038,4 Payment & Hardware,Backend,Implement server-side 1:N identification endpoint,"As a customer scanning to pay, I want the backend to identify my account confidently or stop safely if it cannot decide who I am.",Backend,Sep 15,Sep 16,PB-027,Critical,Not Started,0%,Valid palm resolves to user while unknown/ambiguous response fails closed.,,,,Implement server-side 1:N lookup and fail-closed handling for unknown or ambiguous results.,Customer; merchant,Journey: identify at checkout. A valid test scan resolves to the intended user; an uncertain or unknown result cannot proceed to charge a guessed account.
PB-039,4 Payment & Hardware,Payments,Implement charge saved authorization with unique idempotency reference,"As a customer, I want one purchase to produce at most one charge, even if a slow connection makes the cashier retry.",Backend,Sep 15,Sep 17,"PB-024, PB-038",Critical,Not Started,0%,One checkout creates at most one processor charge despite retries.,,,,Implement saved-authorization charging with one durable checkout reference and retry deduplication.,Customer; merchant; support team,Journey: authorize payment. Repeating the same checkout resolves its existing attempt rather than silently creating another debit request; the processor still decides authorization.
PB-040,4 Payment & Hardware,Payments,Attach configured merchant subaccount/split to charge,"As a merchant receiving a palm payment, I want the processor request to carry my configured subaccount or split, not another shop’s destination.",Backend,Sep 16,Sep 17,"PB-029, PB-033, PB-039",Critical,Not Started,0%,Processor request uses the merchant configuration derived from authenticated terminal.,,,,Attach the server-resolved merchant’s payment-routing configuration to the charge request.,Merchant; customer,"Journey: route the sale. The ?5,000 test charge belongs to the merchant assigned to that terminal and follows the configured processor settlement flow."
PB-041,4 Payment & Hardware,Payments,Implement signed webhook receiver and idempotent event processing,"As a merchant waiting for payment confirmation, I want only authentic processor events to update a sale, even if notifications arrive twice or out of order.",Backend,Sep 15,Sep 17,"PB-004, PB-010",Critical,Not Started,0%,Invalid signature is rejected; duplicate/out-of-order events do not duplicate state changes.,,,,Verify webhook signatures and process repeated or late events idempotently.,Merchant; customer; support team,"Journey: receive the result. A forged event cannot create success, and a repeated event does not duplicate the transaction or undo a newer verified state."
PB-042,4 Payment & Hardware,Payments,Implement transaction verification fallback and amount check,"As a cashier, I want success to mean the processor confirmed the exact purchase amount, not merely that a browser callback said something worked.",Backend,Sep 17,Sep 18,"PB-039, PB-041",Critical,Not Started,0%,"Backend verifies reference, status, currency and exact expected amount before terminal success.",,,,"Verify reference, status, currency and expected amount, with a fallback when webhook delivery is delayed.",Merchant; customer,"Journey: trust the result. A ?5,000 purchase is not marked paid by confirmation for a different amount or reference; unresolved transactions remain unresolved until verified."
PB-043,4 Payment & Hardware,Terminal,Implement terminal state machine and safe timeout/retry UX,"As a customer waiting at the reader, I want to know whether it is capturing, identifying or authorizing, and what to do if it times out.",Terminal,Sep 16,Sep 18,"PB-037, PB-038, PB-039",Critical,Not Started,0%,"UI covers capture, identifying, authorizing, success, decline, timeout and retry without double-charge.",,,,"Implement clear terminal states, safe timeout handling and retry behavior tied to the existing checkout.",Customer; terminal operator,"Journey: wait and recover. The screen distinguishes a decline from an unknown outcome, avoiding repeated scans that could otherwise encourage duplicate charge attempts."
PB-044,4 Payment & Hardware,Merchant Portal,Build transaction list and transaction-detail view,"As a merchant reviewing a sale, I want to open its record and see the amount, fee, status, terminal and processor reference.",Frontend,Sep 15,Sep 18,"PB-034, PB-041",High,Not Started,0%,"Merchant can filter transactions and inspect terminal, gross amount, fee, status and processor reference.",,,,"Build a tenant-scoped transaction list, filters and detail view.",Merchant; merchant support staff,Journey: after checkout. The merchant can locate a disputed or pending sale and provide its reference for investigation without viewing another merchant’s transactions.
PB-045,4 Payment & Hardware,Merchant Portal,Build expected T+1 settlement page,"As a merchant planning my cash flow, I want to distinguish a successful sale from funds expected in the next settlement cycle.",Frontend,Sep 16,Sep 19,PB-044,Critical,Not Started,0%,Page groups successful charges by expected settlement date and configured merchant.,,,,Group successful transactions by merchant and expected T+1 working-day settlement date.,Merchant,Journey: sale to expected settlement. The portal shows when net proceeds are expected under the configured schedule; an expected date is not a guarantee or proof that payout occurred.
PB-046,4 Payment & Hardware,Settlement,Integrate processor settlement list and transaction endpoints,"As a merchant, I want the settlement page to use processor-reported records instead of assuming every successful charge has already been paid out.",Backend,Sep 17,Sep 20,PB-041,High,Not Started,0%,Backend imports processor settlement IDs/status and their included transactions.,,,,"Import settlement IDs, statuses and included transactions from the processor; label fixtures if sandbox data is unavailable.",Merchant; reconciliation team,Journey: check actual settlement status. The portal can distinguish imported processor evidence from an estimate or a clearly labeled demonstration fixture.
PB-047,4 Payment & Hardware,Settlement,Build reconciliation job and variance flags,"As a merchant, I want missing transactions and amount differences highlighted so I can understand why a settlement differs from expected net sales.",Backend,Sep 18,Sep 21,"PB-045, PB-046",Critical,Not Started,0%,Expected net is matched to processor settlement; missing/variance items are visible.,,,,Match expected transaction totals and fees against settlement records and expose reconciliation exceptions.,Merchant; reconciliation and support teams,"Journey: reconcile. A mismatch becomes a visible issue to investigate rather than a silently accepted total; PayByPalm reconciles records, not manually distributes funds."
PB-048,4 Payment & Hardware,3D/CAD,Print enclosure v1 and inspect fit,"As a customer using the first physical prototype, I want enough room for my hand and a clear camera view; as a cashier, I need the screen and cables to fit.",Hardware/CAD,Sep 15,Sep 17,PB-035,Critical,Not Started,0%,"All components fit; camera, hand clearance, power and ventilation issues are logged.",,,,"Print enclosure v1 and record component fit, hand clearance, camera, power and ventilation issues.",Customer; terminal operator; hardware builder,Journey: try the real device. Physical testing reveals problems a CAD model may miss before the final enclosure is printed.
PB-049,4 Payment & Hardware,3D/CAD,Revise and print final enclosure,"As a customer returning to the terminal, I want the awkward hand placement and fit problems found in the first print to be corrected.",Hardware/CAD,Sep 18,Sep 20,PB-048,High,Not Started,0%,Final print addresses fit and capture problems; editable CAD and STL are saved.,,,,"Revise the enclosure from measured fit and capture feedback, then print the revised version.",Customer; terminal operator,"Journey: improve the physical experience. The final prototype addresses recorded usability and component-fit issues, with editable CAD and printable STL retained for later changes."
PB-050,4 Payment & Hardware,Terminal/Hardware,"Assemble Pi, camera, display, lighting and enclosure","As a cashier, I want one securely assembled terminal I can place on the counter instead of loose parts that shift whenever a customer scans.",Hardware/CAD,Sep 20,Sep 21,PB-049,Critical,Not Started,0%,"Terminal is mechanically secure, powered and maintains frozen capture geometry.",,,,"Mount the Pi, camera, screen and lighting securely in the enclosure and validate power and capture geometry.",Terminal operator; customer; merchant,"Journey: ready-to-use hardware. The guide, lens and lighting remain aligned during use, making the software capture instructions meaningful on the assembled device."
PB-051,4 Payment & Hardware,Integration,"Complete first end-to-end ?5,000 sandbox palm payment","As an enrolled test customer, I want to pay a merchant ?5,000 by palm and see the same verified result on the terminal and merchant page.",QA,Sep 21,Sep 21,"PB-040, PB-042, PB-043, PB-050",Critical,Not Started,0%,"Palm identifies user, saved authorization is charged once, webhook verifies success and merchant sees transaction.",,,,"Prove the first integrated sandbox purchase across hardware, identity lookup, saved authorization, verification and merchant records.",Test customer; test merchant; QA team,"Journey: first complete payment. One correct test user, one test charge and one matching merchant transaction demonstrate the core flow; no real debit or payout is claimed."
PB-052,5 Settlement & Hardening,Settlement,Run simulated/sandbox T+1 reconciliation for two merchants,"As Merchant A, I want my test sales and settlement records kept separate from Merchant B’s even when both use PayByPalm.",QA,Sep 22,Sep 23,"PB-047, PB-051",Critical,Not Started,0%,Transactions appear only for correct merchant and reconcile against processor/mock settlement data.,,,,Run a two-merchant reconciliation scenario with processor sandbox data or clearly labeled mock settlements.,Test merchants; QA team,Journey: multi-merchant settlement. Each merchant sees only their own expected and reconciled amounts; simulated T+1 progression is not represented as money arriving in a bank account.
PB-053,5 Settlement & Hardening,Security,"Complete threat model for biometric, device, token, API and webhook risks","As a customer and merchant, we want the team to examine how stolen devices, leaked references or misleading palm captures could harm us before considering live use.",Security/Compliance,Sep 22,Sep 23,PB-051,Critical,Not Started,0%,"Threats have mitigations, owners and go-live blockers.",,,,"Document threats, mitigations, accountable owners and remaining go-live blockers across biometrics, APIs, devices and payments.",Customer; merchant; security reviewer,Journey: protect the whole service. Weaknesses become explicit work items; a basic RGB palm demo is not assumed to provide proven liveness or production anti-spoofing protection.
PB-054,5 Settlement & Hardening,Security,Encrypt sensitive references and redact application logs,"As a customer, I want my palm and saved-payment references protected in storage and absent from routine debugging output.",Backend,Sep 22,Sep 24,PB-053,Critical,Not Started,0%,Authorization/palm references are encrypted at rest where supported and never emitted in logs.,,,,Apply appropriate encryption to sensitive stored references and redact application logs.,Customer; security and support teams,Journey: private enrollment and payment. Engineers can diagnose a failed checkout without seeing reusable payment secrets or palm reference values in ordinary logs.
PB-055,5 Settlement & Hardening,Security,Delete transient palm images after API processing,"As a customer after a scan, I do not want temporary photos of my hand left behind in the terminal or backend’s capture folders.",Backend,Sep 22,Sep 24,"PB-006, PB-038",Critical,Not Started,0%,Automated test confirms capture files are removed after success/failure unless explicit research consent applies.,,,,"Delete transient palm images after processing on both success and failure paths, subject to explicitly consented research exceptions.",Customer; privacy reviewer,Journey: after capture. Temporary files are removed under the defined policy; this task does not by itself prove deletion inside an external recognition provider.
PB-056,5 Settlement & Hardening,User PWA,"Implement consent withdrawal, palm unlink and account deletion request","As a customer leaving PayByPalm, I want to withdraw consent, unlink my palm and request account deletion, with a visible status rather than an unanswered message.",Frontend,Sep 23,Sep 25,"PB-028, PB-055",High,Not Started,0%,User can initiate revocation and see its status.,,,,Build revocation and deletion-request controls and their backend workflow.,Customer; privacy/support team,Journey: leave the service. The customer can stop the local palm link being used and follow the deletion request; any retention exceptions are explained instead of promising unsupported instant erasure.
PB-057,5 Settlement & Hardening,QA,"Test decline, expired card, insufficient funds and non-reusable token","As a customer whose card declines or expires, I want a clear failure message; the merchant must not mistake the failed attempt for a completed sale.",QA,Sep 23,Sep 25,PB-039,Critical,Not Started,0%,"Every documented failure produces correct state, safe message and no delivered value.",,,,"Exercise documented processor failure cases, including insufficient funds and unusable authorization references.",Customer; merchant; QA team,Journey: failed payment. The terminal shows the correct safe next step and does not confirm paid value when the test authorization failed.
PB-058,5 Settlement & Hardening,QA,Test invalid/duplicate webhook and wrong-amount verification,"As a merchant, I want fake confirmations, duplicated events and wrong-amount responses rejected before they can make an unpaid order look paid.",QA,Sep 23,Sep 25,"PB-041, PB-042",Critical,Not Started,0%,Security tests fail closed and generate audit evidence.,,,,"Test webhook authenticity, repeated-event handling and exact-amount verification with audit evidence.",Merchant; customer; QA team,Journey: confirmation under attack or error. Negative tests demonstrate that the payment record fails closed in these cases instead of producing a misleading success.
PB-059,5 Settlement & Hardening,QA,"Test terminal rebind, stolen config and cross-merchant isolation","As a merchant, I want an old configuration or reassigned terminal prevented from accessing my sales after it no longer belongs to my shop.",QA,Sep 24,Sep 26,"PB-032, PB-033",Critical,Not Started,0%,Terminal cannot charge or view data for any merchant except server assignment.,,,,"Test rebind revocation, stolen-config scenarios and cross-merchant data and charge isolation.",Merchant; administrator; QA team,"Journey: device lifecycle. Attempts using revoked or mismatched credentials are blocked in the tested cases, protecting both transaction routing and merchant data."
PB-060,5 Settlement & Hardening,QA,"Test unknown palm, poor lighting, motion and wide-lens edge placement","As a customer whose hand moves or sits near the lens edge, I want useful repositioning guidance rather than a wrong identification or endless unexplained failures.",QA,Sep 24,Sep 26,"PB-050, PB-051",High,Not Started,0%,Failure/retry thresholds and capture guidance are documented.,,,,"Test unknown hands, poor light, motion and edge placement on the assembled terminal.",Customer; terminal operator; QA team,Journey: imperfect capture. Documented thresholds and retry instructions show when to reposition or stop; results expose limitations rather than claiming every palm will work.
PB-061,5 Settlement & Hardening,Merchant Portal,"Add CSV export, settlement variance and terminal health indicators","As a merchant closing the day, I want to export my sales and quickly spot settlement discrepancies or terminals that need attention.",Frontend,Sep 23,Sep 26,"PB-045, PB-047",Medium,Not Started,0%,Merchant can export transactions and see settlement/terminal exceptions.,,,,Add CSV export and clear settlement-variance and terminal-health indicators.,Merchant; merchant operations and finance staff,Journey: daily review. The merchant can share an operational record and investigate exceptions without manually copying every transaction from the screen.
PB-062,5 Settlement & Hardening,User PWA,Add payment receipt and transaction history,"As a customer after paying, I want a receipt and my own transaction history so I can check what I paid and identify the merchant.",Frontend,Sep 23,Sep 26,PB-051,High,Not Started,0%,User receives masked-card receipt without seeing another user or merchant’s data.,,,,Build user-scoped receipts and history with masked card information.,Customer; customer support team,"Journey: after payment. The customer can revisit the amount, merchant and payment result without exposing full card data or seeing another person’s purchases."
PB-063,5 Settlement & Hardening,Observability,"Add correlation IDs, latency logging and service health metrics","As a support engineer investigating a stuck payment, I want to follow one checkout across services without asking the customer to repeat sensitive information.",Backend,Sep 24,Sep 26,PB-051,High,Not Started,0%,"One transaction can be traced across terminal, PalmAI, processor and webhook without sensitive values.",,,,"Add correlation IDs, timing logs and service-health metrics while excluding secrets.",Support engineers directly; customer and merchant indirectly,"Journey: resolve problems. A support case can distinguish capture, identification, processor and webhook delays, helping explain a pending checkout without blindly retrying it."
PB-064,5 Settlement & Hardening,Performance,Measure palm-to-result and end-to-end payment latency,"As a customer in a queue, I want the team to know the real time from palm scan to result so it can fix the slowest part of checkout.",QA,Sep 25,Sep 27,PB-063,High,Not Started,0%,"Report includes median, p95 and failure rate for at least 20 sandbox attempts.",,,,"Measure median, p95 and failure rate across at least 20 sandbox attempts using instrumented stages.",Customer; merchant; QA team,Journey: waiting time. Measured prototype performance informs improvements and honest expectations; it does not turn an assumed one-to-three-second charge time into a proven end-to-end promise.
PB-065,5 Settlement & Hardening,Compliance,"Draft privacy notice, consent record and DPIA checklist","As a customer deciding whether to enroll, I want a clear privacy notice and an accountable review of biometric risks, not an unexplained consent checkbox.",Security/Compliance,Sep 22,Sep 27,"PB-006, PB-053",Critical,Not Started,0%,Prototype documentation is review-ready; live use remains blocked until legal/compliance approval.,,,,"Prepare the privacy notice, consent record and DPIA review checklist using the agreed policy and threat model.",Customer; privacy reviewer; project owner,"Journey: informed trust. The documentation explains the prototype’s handling and rights process; a draft checklist is not legal approval, and live use remains gated on required review."
PB-066,5 Settlement & Hardening,Product,Run MVP acceptance review and cut non-critical defects,"As a customer trying the month-end demo, I want the core journey to work safely even if optional polish must wait.",Product Lead,Sep 27,Sep 27,"PB-052, PB-057, PB-058, PB-059, PB-060",Critical,Not Started,0%,All critical tests pass or have an explicit blocker/owner; stretch work is deferred.,,,,"Review critical acceptance evidence, assign unresolved blockers and defer non-critical enhancements.",Customer; merchant; delivery team,"Journey: release decision. Enrollment, correct charging, isolation and reconciliation take priority; unresolved critical defects are visible rather than hidden by a completion claim."
PB-067,6 Freeze & Demo,Engineering,Freeze release candidate and production-like test configuration,"As a demo operator, I want the tested version to remain stable between rehearsal and presentation instead of changing unexpectedly overnight.",Product Lead,Sep 28,Sep 28,PB-066,Critical,Not Started,0%,Release is tagged; secrets/config are documented and no new features enter.,,,,"Tag a release candidate and freeze documented, production-like test configuration without adding new features.",Demo operator; customer; merchant,Journey: repeatable demonstration. The same known build and test settings are used each time; production-like configuration does not authorize real payments or commercial use.
PB-068,6 Freeze & Demo,QA,Run five consecutive end-to-end demo payments,"As a merchant considering the prototype, I want several consecutive customers to complete the demo, not just one carefully rescued attempt.",QA,Sep 28,Sep 29,PB-067,Critical,Not Started,0%,Five attempts succeed without manual database changes or duplicate charges.,,,,Run five consecutive end-to-end demo payments against the frozen release and record evidence.,Test customer; test merchant; QA team,"Journey: repeat checkout. Five successful sandbox attempts without manual data changes or duplicate charges provide repeatability evidence, not a claim of production reliability."
PB-069,6 Freeze & Demo,QA,Demonstrate merchant T+1 settlement and reconciliation journey,"As a merchant, I want to follow a sale from payment confirmation to expected settlement and reconciliation, including what happens if the numbers differ.",QA,Sep 29,Sep 29,"PB-052, PB-067",Critical,Not Started,0%,"Merchant page explains pending, expected, settled and variance states using sandbox/mock data.",,,,"Demonstrate pending, expected, settled and variance states using labeled sandbox or mock data.",Merchant; demo audience,Journey: explain settlement. The merchant can distinguish an estimate from processor-reported status and a mismatch; simulated settlement is never described as an actual bank payout.
PB-070,6 Freeze & Demo,Documentation,"Finalize architecture, API, commissioning, recovery and demo runbook","As a new teammate or terminal operator, I want instructions to set up, activate, demonstrate and recover the prototype without depending on its original builder.",Product Lead,Sep 28,Sep 30,PB-067,High,Not Started,0%,A new teammate can set up and demonstrate the prototype from documentation.,,,,"Complete architecture, API, commissioning, recovery and demo runbooks.",Engineers; terminal operator; merchant indirectly,"Journey: support and handover. A new operator can reproduce setup and follow a recovery procedure when something fails, reducing interruptions for customers at the counter."
PB-071,6 Freeze & Demo,3D/CAD,"Export final CAD, STL, BOM and assembly photos","As a hardware builder, I want the final model, print files, component list and assembly photos so I can reproduce or repair the same terminal.",Hardware/CAD,Sep 28,Sep 29,PB-050,High,Not Started,0%,All fabrication files and component list are archived.,,,,"Archive editable CAD, STL, bill of materials and assembly documentation.",Hardware builder; terminal operator; merchant indirectly,"Journey: maintain the device. A damaged part can be recreated from the approved design, preserving the tested screen placement and palm-capture geometry."
PB-072,6 Freeze & Demo,Demo,Record backup video and conduct full dress rehearsal,"As someone watching the demo, I want to see the complete customer and merchant story even if the live network fails during the presentation.",Product Lead,Sep 29,Sep 30,"PB-068, PB-069, PB-070, PB-071",Critical,Not Started,0%,"Backup video and live script cover enrollment, payment, merchant transaction and settlement.",,,,Rehearse the full script and record a clearly identified backup of the working prototype.,Demo audience; presenter; prospective merchant,"Journey: communicate the result. Enrollment, palm payment, merchant transaction and settlement views form one coherent demonstration; recorded footage is labeled rather than presented as a live transaction."
PB-073,6 Freeze & Demo,Product,Sign off prototype completion and post-month roadmap,"As a project owner and prospective merchant, I want a clear account of what the prototype proves, what remains incomplete and what must happen before real use.",Product Lead,Sep 30,Sep 30,PB-072,Critical,Not Started,0%,"MVP definition is checked, open blockers are recorded and commercialisation work is separated.",,,,"Check completion against scope, record open blockers and separate future commercialisation work from prototype delivery.",Project owner; merchant; customers indirectly,"Journey: after the demo. Sign-off reflects actual evidence; processor approval, commercial biometric licensing, privacy/security review and remaining reliability work stay explicit next steps."
